unit	procedure	object_offset	entry_record_offset	code_block	offset_in_block	segment_offset	file_offset	source_ranges
MONSTRA.TPU	<initialization>		0x00000	0x0ffff	0x0ffff			
MONSTRA.TPU	WSTEP	0x002d6	0x00008	0x00000	0x0022b	0x0022b	0x0065b	MONSTRA.PAS:10-51
PRZEDM.TPU	<initialization>		0x00000	0x0ffff	0x0ffff			
PRZEDM.TPU	BRANIE	0x00bc2	0x00008	0x000d0	0x0023f	0x05cad	0x0793d	PRZEDM.PAS:908-963
PRZEDM.TPU	UZYWANIE	0x00be4	0x00010	0x000d8	0x007c6	0x0673c	0x083cc	PRZEDM.PAS:965-1108
PRZEDM.TPU	PIERDOLY	0x00c08	0x00018	0x000e0	0x0003b	0x07098	0x08d28	PRZEDM.PAS:1111-1122
PRZEDM.TPU	TARCZA	0x00c2c	0x00020	0x000c0	0x00022	0x041c3	0x05e53	PRZEDM.PAS:601-608
PRZEDM.TPU	WALKA	0x00c4e	0x00028	0x000c8	0x004ec	0x0471d	0x063ad	PRZEDM.PAS:611-905
PRZEDM.TPU	MINIARENA	0x00c6f	0x00030	0x000e8	0x00299	0x073d7	0x09067	PRZEDM.PAS:1124-1433
PRZEDM.TPU	KTO	0x00c94	0x00038	0x000b8	0x00523	0x03d89	0x05a19	PRZEDM.PAS:569-598
PRZEDM.TPU	MODE	0x00cb3	0x00040	0x000a0	0x00000	0x0338b	0x0501b	PRZEDM.PAS:543-546
PRZEDM.TPU	SLABO	0x00cd3	0x00048	0x00028	0x00047	0x010e0	0x02d70	PRZEDM.PAS:225-243
PRZEDM.TPU	MNIEJSLABO	0x00cf4	0x00050	0x00030	0x00038	0x011ee	0x02e7e	PRZEDM.PAS:245-263
PRZEDM.TPU	SREDNIO	0x00d1a	0x00058	0x00038	0x00038	0x01307	0x02f97	PRZEDM.PAS:265-283
PRZEDM.TPU	TRUDNO	0x00d3d	0x00060	0x00040	0x00038	0x01429	0x030b9	PRZEDM.PAS:285-303
PRZEDM.TPU	BTRUDNO	0x00d5f	0x00068	0x00060	0x00038	0x018bd	0x0354d	PRZEDM.PAS:365-383
PRZEDM.TPU	VEASY	0x00d82	0x00070	0x00048	0x00038	0x0154b	0x031db	PRZEDM.PAS:305-323
PRZEDM.TPU	EASY	0x00da3	0x00078	0x00050	0x00038	0x01677	0x03307	PRZEDM.PAS:325-343
PRZEDM.TPU	NEASY	0x00dc3	0x00080	0x00058	0x00038	0x0179a	0x0342a	PRZEDM.PAS:345-363
PRZEDM.TPU	GARNITURZYSK	0x00de4	0x00088	0x00078	0x00049	0x03060	0x04cf0	PRZEDM.PAS:490-498
PRZEDM.TPU	PIGULKAZYSK	0x00e0c	0x00090	0x00080	0x0004e	0x03115	0x04da5	PRZEDM.PAS:500-507
PRZEDM.TPU	KASETAZYSK	0x00e33	0x00098	0x00088	0x0004e	0x031af	0x04e3f	PRZEDM.PAS:509-520
PRZEDM.TPU	LISTEKZYSK	0x00e59	0x000a0	0x00090	0x00054	0x0328b	0x04f1b	PRZEDM.PAS:522-531
PRZEDM.TPU	SCROLLPORZYSK	0x00e7f	0x000a8	0x00098	0x00034	0x03338	0x04fc8	PRZEDM.PAS:533-540
PRZEDM.TPU	SCENA	0x00ea8	0x000b0	0x000a8	0x000d3	0x03476	0x05106	PRZEDM.PAS:548-553
PRZEDM.TPU	FIGHTSCENA	0x00ec9	0x000b8	0x000f0	0x00077	0x0883e	0x0a4ce	PRZEDM.PAS:1435-1461
PRZEDM.TPU	TLUM	0x00eef	0x000c0	0x000b0	0x001c8	0x036de	0x0536e	PRZEDM.PAS:555-566
PRZEDM.TPU	POTWORY	0x00f0f	0x000c8	0x00008	0x00000	0x000fa	0x01d8a	PRZEDM.PAS:70-164
PRZEDM.TPU	BLUSZCZ	0x00f32	0x000d0	0x00020	0x002e3	0x00ed0	0x02b60	PRZEDM.PAS:210-223
PRZEDM.TPU	KOMENDY	0x00f55	0x000d8	0x00100	0x00043	0x093ae	0x0b03e	PRZEDM.PAS:1560-1570
PRZEDM.TPU	FIGHTBLUSZCZ	0x00f78	0x000e0	0x000f8	0x00522	0x08e5e	0x0aaee	PRZEDM.PAS:1463-1558
PRZEDM.TPU	WALKAPIES	0x00fa0	0x000e8	0x00000	0x00046	0x00046	0x01cd6	PRZEDM.PAS:54-67
PRZEDM.TPU	ULSKLEPIKOWA	0x00fc5	0x000f0	0x00070	0x00209	0x02e99	0x04b29	PRZEDM.PAS:475-487
PRZEDM.TPU	POROWNANIE	0x00fed	0x000f8	0x00068	0x00816	0x021bd	0x03e4d	PRZEDM.PAS:385-472
PRZEDM.TPU	TRAIN	0x01013	0x00100	0x00010	0x000e3	0x007b5	0x02445	PRZEDM.PAS:166-189
PRZEDM.TPU	save	0x01034	0x00108	0x00108	0x00000	0x094da	0x0b16a	PRZEDM.PAS:1573-1574
PRZEDM.TPU	SMIERC	0x010f4	0x00110	0x00018	0x00141	0x00ab7	0x02747	PRZEDM.PAS:192-208
SWIAT.TPU	<initialization>		0x00000	0x0ffff	0x0ffff			
SWIAT.TPU	POKOJ0	0x0013e	0x00008	0x00008	0x0005a	0x0048f	0x00baf	SWIAT.PAS:50-59
SWIAT.TPU	POKOJ1	0x00160	0x00010	0x00010	0x00397	0x0090f	0x0102f	SWIAT.PAS:61-98
SWIAT.TPU	POKOJ4	0x00182	0x00018	0x00018	0x001e2	0x00e77	0x01597	SWIAT.PAS:100-125
SWIAT.TPU	POKOJ13	0x001a4	0x00020	0x00020	0x001a7	0x01233	0x01953	SWIAT.PAS:127-168
SWIAT.TPU	POKOJE	0x001c7	0x00028	0x00028	0x000c9	0x015bd	0x01cdd	SWIAT.PAS:170-227
SWIAT.TPU	POKOJ5	0x001e9	0x00030	0x00000	0x00196	0x00196	0x008b6	SWIAT.PAS:18-47
SWIAT.TPU	POKOJ11	0x0020b	0x00038	0x00030	0x00261	0x01c91	0x023b1	SWIAT.PAS:229-263
SWIAT.TPU	POKOJ30	0x0022e	0x00040	0x00038	0x000f1	0x02068	0x02788	SWIAT.PAS:265-285
SWIAT.TPU	POKOJ60	0x00251	0x00048	0x00040	0x0011f	0x0232e	0x02a4e	SWIAT.PAS:287-306
SWIAT.TPU	POKOJ75	0x00274	0x00050	0x00048	0x0014e	0x0260c	0x02d2c	SWIAT.PAS:308-329
SWIAT.TPU	POKOJ100	0x00297	0x00058	0x00058	0x003ab	0x02e44	0x03564	SWIAT.PAS:355-444
SWIAT.TPU	POKOJ83	0x002bb	0x00060	0x00050	0x0012b	0x028fa	0x0301a	SWIAT.PAS:331-353
